{
  "version": 1,
  "author": "Pulindu Vidmal",
  "editor": "wokwi",
  "parts": [
    { "type": "wokwi-breadboard", "id": "bb1", "top": 121.8, "left": -189.2, "attrs": {} },
    { "type": "board-esp32-devkit-c-v4", "id": "esp", "top": -115.2, "left": -4.76, "attrs": {} },
    {
      "type": "board-ssd1306",
      "id": "oled1",
      "top": 175.94,
      "left": 365.03,
      "attrs": { "i2cAddress": "0x3c" }
    },
    {
      "type": "wokwi-buzzer",
      "id": "bz1",
      "top": 88.8,
      "left": 155.4,
      "attrs": { "volume": "0.1" }
    },
    { "type": "wokwi-led", "id": "led1", "top": 130.8, "left": 51.8, "attrs": { "color": "red" } },
    {
      "type": "wokwi-resistor",
      "id": "r1",
      "top": 176.75,
      "left": 192,
      "attrs": { "value": "100" }
    },
    {
      "type": "wokwi-resistor",
      "id": "r2",
      "top": 176.75,
      "left": 76.8,
      "attrs": { "value": "220" }
    },
    {
      "type": "wokwi-pushbutton",
      "id": "btn1",
      "top": 195,
      "left": 285,
      "rotate": 90,
      "attrs": { "color": "red", "bounce": "0", "label": "CANCEL" }
    },
    {
      "type": "wokwi-resistor",
      "id": "r3",
      "top": 263.15,
      "left": 259.2,
      "attrs": { "value": "1000" }
    },
    {
      "type": "wokwi-pushbutton",
      "id": "btn3",
      "top": 185.4,
      "left": -3,
      "rotate": 90,
      "attrs": { "color": "green", "label": "DOWN" }
    },
    {
      "type": "wokwi-pushbutton",
      "id": "btn4",
      "top": 185.4,
      "left": -89.4,
      "rotate": 90,
      "attrs": { "color": "green", "label": "UP" }
    },
    {
      "type": "wokwi-pushbutton",
      "id": "btn5",
      "top": 185.4,
      "left": -166.2,
      "rotate": 90,
      "attrs": { "color": "blue", "label": "OK/Menu" }
    },
    {
      "type": "wokwi-resistor",
      "id": "r5",
      "top": 273.6,
      "left": -86.95,
      "rotate": 90,
      "attrs": { "value": "1000" }
    },
    {
      "type": "wokwi-resistor",
      "id": "r6",
      "top": 273.6,
      "left": -163.75,
      "rotate": 90,
      "attrs": { "value": "1000" }
    },
    {
      "type": "wokwi-resistor",
      "id": "r7",
      "top": 273.6,
      "left": -0.55,
      "rotate": 90,
      "attrs": { "value": "1000" }
    },
    { "type": "wokwi-dht22", "id": "dht1", "top": -86.1, "left": -245.4, "attrs": {} }
  ],
  "connections": [
    [ "esp:TX", "$serialMonitor:RX", "", [] ],
    [ "esp:RX", "$serialMonitor:TX", "", [] ],
    [ "esp:5V", "bb1:tp.11", "red", [ "h0" ] ],
    [ "esp:CMD", "bb1:tn.12", "black", [ "h0" ] ],
    [ "bb1:tn.26", "bz1:1", "black", [ "v0" ] ],
    [ "r1:2", "esp:15", "orange", [ "v0" ] ],
    [ "esp:5", "r2:2", "gold", [ "h0" ] ],
    [ "bb1:63t.a", "esp:21", "blue", [ "v0" ] ],
    [ "bb1:62t.a", "esp:22", "green", [ "v0" ] ],
    [ "bb1:61t.a", "bb1:tp.50", "red", [ "v0" ] ],
    [ "bb1:60t.a", "bb1:tn.49", "black", [ "v0" ] ],
    [ "bb1:tp.1", "bb1:bp.1", "red", [ "v0.3", "h-96.8", "v163.2" ] ],
    [ "bb1:tn.1", "bb1:bn.1", "black", [ "v-0.1", "h-77.6", "v172.8" ] ],
    [ "btn1:2.l", "esp:34", "limegreen", [ "v-307.2", "h-355.4", "v86.4" ] ],
    [ "bb1:45b.j", "bb1:bp.36", "green", [ "v0" ] ],
    [ "bb1:tn.43", "btn1:1.l", "green", [ "v0" ] ],
    [ "btn3:1.l", "bb1:tn.17", "black", [ "v0" ] ],
    [ "esp:33", "bb1:4t.a", "white", [ "h0" ] ],
    [ "esp:35", "bb1:12t.a", "purple", [ "h0" ] ],
    [ "led1:C", "btn3:1.l", "black", [ "v0" ] ],
    [ "esp:32", "bb1:21t.a", "violet", [ "h-38.25", "v134.4", "h67.2" ] ],
    [ "bb1:tn.4", "bb1:6t.a", "black", [ "v0" ] ],
    [ "oled1:GND", "bb1:60t.b", "", [ "$bb" ] ],
    [ "oled1:VCC", "bb1:61t.b", "", [ "$bb" ] ],
    [ "oled1:SCL", "bb1:62t.b", "", [ "$bb" ] ],
    [ "oled1:SDA", "bb1:63t.b", "", [ "$bb" ] ],
    [ "bz1:1", "bb1:37t.a", "", [ "$bb" ] ],
    [ "bz1:2", "bb1:38t.a", "", [ "$bb" ] ],
    [ "led1:A", "bb1:26t.a", "", [ "$bb" ] ],
    [ "led1:C", "bb1:25t.a", "", [ "$bb" ] ],
    [ "r1:1", "bb1:38t.b", "", [ "$bb" ] ],
    [ "r1:2", "bb1:44t.b", "", [ "$bb" ] ],
    [ "r2:1", "bb1:26t.b", "", [ "$bb" ] ],
    [ "r2:2", "bb1:32t.b", "", [ "$bb" ] ],
    [ "r3:1", "bb1:45b.i", "", [ "$bb" ] ],
    [ "r3:2", "bb1:51b.i", "", [ "$bb" ] ],
    [ "r5:1", "bb1:12b.g", "", [ "$bb" ] ],
    [ "r5:2", "bb1:bp.9", "", [ "$bb" ] ],
    [ "r6:1", "bb1:4b.g", "", [ "$bb" ] ],
    [ "r6:2", "bb1:bp.2", "", [ "$bb" ] ],
    [ "r7:1", "bb1:21b.g", "", [ "$bb" ] ],
    [ "r7:2", "bb1:bp.16", "", [ "$bb" ] ],
    [ "btn5:1.l", "bb1:6t.b", "", [ "$bb" ] ],
    [ "btn5:2.l", "bb1:4t.b", "", [ "$bb" ] ],
    [ "btn5:1.r", "bb1:6b.g", "", [ "$bb" ] ],
    [ "btn5:2.r", "bb1:4b.g", "", [ "$bb" ] ],
    [ "btn4:1.l", "bb1:14t.b", "", [ "$bb" ] ],
    [ "btn4:2.l", "bb1:12t.b", "", [ "$bb" ] ],
    [ "btn4:1.r", "bb1:14b.g", "", [ "$bb" ] ],
    [ "btn4:2.r", "bb1:12b.g", "", [ "$bb" ] ],
    [ "btn4:1.l", "bb1:tn.11", "black", [ "v0" ] ],
    [ "btn3:1.l", "bb1:23t.b", "", [ "$bb" ] ],
    [ "btn3:2.l", "bb1:21t.b", "", [ "$bb" ] ],
    [ "btn3:1.r", "bb1:23b.g", "", [ "$bb" ] ],
    [ "btn3:2.r", "bb1:21b.g", "", [ "$bb" ] ],
    [ "btn1:1.l", "bb1:53t.c", "", [ "$bb" ] ],
    [ "btn1:2.l", "bb1:51t.c", "", [ "$bb" ] ],
    [ "btn1:1.r", "bb1:53b.h", "", [ "$bb" ] ],
    [ "btn1:2.r", "bb1:51b.h", "", [ "$bb" ] ],
    [ "dht1:VCC", "bb1:tp.4", "red", [ "v76.8", "h115.2" ] ],
    [ "dht1:GND", "bb1:tn.5", "black", [ "v67.2", "h96" ] ],
    [ "dht1:SDA", "esp:12", "gray", [ "v38.4", "h144.1", "v-38.4", "h-9.6" ] ]
  ],
  "dependencies": {}
}